OBJECTID,NAME,WARD,DATASOURCE,ID,sourceCountry,ENRICH_FID,aggregationMethod,populationToPolygonSizeRating,apportionmentConfidence,HasData,WHITE_CY,BLACK_CY,AMERIND_CY,ASIAN_CY,PACIFIC_CY,OTHRACE_CY,RACE2UP_CY,HISPPOP_CY,MINORITYCY,WHITE10,BLACK10,AMERIND10,ASIAN10,PACIFIC10,OTHRACE10,RACE2UP10,HISPPOP10,MINORITY10,DIVINDX10,HISPWHT_CY,HISPBLK_CY,HISPAI_CY,HISPASN_CY,HISPPI_CY,HISPOTH_CY,HISPMLT_CY,HWHITE10,HBLACK10,HAMERIND10,HASIAN10,HPACIFIC10,HOTHRACE10,HRACE2UP10,HRACEBAS10,H1RACE10,HADRBASE10,HAD1RACE10,U18RBASE10,NONHISP_CY,NHSPWHT_CY,NHSPBLK_CY,NHSPAI_CY,NHSPASN_CY,NHSPPI_CY,NHSPOTH_CY,NHSPMLT_CY,RACEBASECY,WHTNHISP10,RACEBASE10,POP1RACE10,ADRACBAS10,AD1RACE10,DIVINDX_CY
1,A Mountain,1,NEIGHBORHOODS,0,US,1,BlockApportionment:US.BlockGroups,2.191,2.576,1,1443,316,227,68,3,1236,155,2638,3164,1451,318,223,62,3,1137,148,2465,2990,87.6,1159,17,114,8,0,1226,114,1099,16,108,8,0,1125,109,2465,2356,1546,1486,1095,810,284,299,113,60,3,10,41,3448,352,3342,3194,2247,2157,87.9
2,Adelanto,3,NEIGHBORHOODS,1,US,2,BlockApportionment:US.BlockGroups,2.191,2.576,1,123,43,106,5,0,92,20,218,348,124,42,103,4,0,81,18,197,324,90,82,3,30,0,0,91,12,75,3,27,0,0,81,11,197,186,128,123,137,171,41,40,77,5,0,1,8,389,49,372,354,236,227,90.5
3,Alvernon Heights,5,NEIGHBORHOODS,2,US,3,BlockApportionment:US.BlockGroups,2.191,2.576,1,186,31,7,7,1,67,21,201,246,185,29,7,6,1,57,19,177,219,80.5,113,4,2,2,0,67,13,100,4,2,2,0,57,12,177,164,109,103,97,119,74,26,5,5,1,0,7,320,85,304,285,207,197,81.4
4,Amphi,3,NEIGHBORHOODS,3,US,4,BlockApportionment:US.BlockGroups,2.191,2.576,1,3967,612,314,469,26,1579,495,3898,5380,4229,602,307,425,24,1408,467,3539,4959,83.3,1883,79,121,5,6,1571,233,1727,71,114,5,6,1399,217,3539,3322,2284,2181,2030,3566,2084,534,193,465,20,8,262,7462,2502,7462,6995,5431,5168,85.2
5,Armory Park,6,NEIGHBORHOODS,4,US,5,BlockApportionment:US.BlockGroups,2.191,2.576,1,1411,66,61,41,3,229,113,776,958,1394,56,52,32,2,185,92,637,788,67.7,445,8,32,2,3,225,61,369,7,26,2,2,181,49,636,588,521,490,198,1148,966,57,30,39,1,4,52,1924,1026,1813,1721,1616,1552,72
6,Arroyo Chico,5,NEIGHBORHOODS,5,US,6,BlockApportionment:US.BlockGroups,2.191,2.576,1,2060,107,78,66,7,511,180,1614,1900,2081,97,70,55,7,443,163,1420,1676,74.4,952,6,32,4,2,504,115,841,5,28,3,2,434,105,1418,1315,1048,986,572,1395,1108,101,46,62,5,7,65,3009,1240,2916,2753,2344,2247,76.3
7,Avondale,6,NEIGHBORHOODS,6,US,7,BlockApportionment:US.BlockGroups,2.191,2.576,1,1141,122,51,39,2,162,119,516,762,1121,105,41,31,2,126,96,407,613,66.6,266,9,32,4,0,158,46,212,7,25,4,0,121,37,406,370,276,261,299,1121,875,113,19,35,2,4,73,1636,909,1522,1426,1223,1172,72
8,Balboa Heights,3,NEIGHBORHOODS,7,US,8,BlockApportionment:US.BlockGroups,2.191,2.576,1,787,88,92,84,2,394,99,869,1147,747,78,78,63,2,313,81,699,933,84.5,388,9,30,0,1,393,47,317,7,24,0,1,311,38,698,661,457,437,349,677,399,79,61,84,1,1,52,1546,430,1362,1281,1014,965,86.3
9,Barrio Anita,1,NEIGHBORHOODS,8,US,9,BlockApportionment:US.BlockGroups,2.191,2.576,1,207,10,29,6,0,98,21,231,267,231,10,29,5,0,92,21,221,256,81.7,102,3,12,0,0,97,17,99,3,12,0,0,91,16,221,205,150,144,95,140,105,7,17,6,0,0,5,371,133,388,367,294,286,83.2
10,Barrio Blue Moon,3,NEIGHBORHOODS,9,US,10,BlockApportionment:US.BlockGroups,2.191,2.576,1,510,72,69,20,3,229,53,524,672,574,72,69,19,3,214,52,498,648,83.1,227,13,30,2,1,226,26,219,12,29,2,1,210,26,499,473,358,343,172,432,283,59,39,19,2,3,27,956,356,1003,951,832,793,85.1
11,Barrio Centro,5,NEIGHBORHOODS,10,US,11,BlockApportionment:US.BlockGroups,2.191,2.576,1,677,51,40,20,7,248,73,776,899,679,50,38,18,7,220,68,704,822,78.3,460,5,16,3,0,245,47,421,4,15,3,0,218,44,705,660,517,488,255,340,217,46,24,17,7,3,26,1116,259,1080,1012,826,781,78.6
12,Barrio Hollywood,1,NEIGHBORHOODS,11,US,12,BlockApportionment:US.BlockGroups,2.191,2.576,1,1373,35,154,18,3,910,118,2317,2447,1566,39,175,18,3,967,132,2516,2664,77.2,1209,19,81,1,1,909,97,1330,20,89,1,1,966,109,2516,2407,1821,1752,777,294,164,16,73,17,2,1,21,2611,236,2900,2768,2123,2044,77.6
13,Barrio San Antonio,5,NEIGHBORHOODS,12,US,13,BlockApportionment:US.BlockGroups,2.191,2.576,1,252,12,10,12,0,39,19,134,175,254,12,9,10,0,32,16,114,149,67.9,82,1,4,1,0,38,9,70,1,3,1,0,31,8,114,106,92,88,41,210,170,11,7,12,0,1,10,344,184,333,317,292,283,71.8
14,Barrio Santa Rosa,5,NEIGHBORHOODS,13,US,14,BlockApportionment:US.BlockGroups,2.191,2.576,1,495,158,71,11,0,357,63,736,964,478,142,63,9,0,297,54,622,827,88,303,14,31,5,0,351,32,262,12,26,4,0,291,28,623,594,410,391,344,420,192,144,41,6,0,6,30,1155,216,1043,989,699,667,88.9
15,Barrio Viejo,6,NEIGHBORHOODS,14,US,15,BlockApportionment:US.BlockGroups,2.191,2.576,1,585,19,25,9,0,131,52,408,461,580,17,21,7,0,105,43,334,379,71.3,224,2,19,0,0,131,31,186,2,16,0,0,104,27,335,307,260,243,112,414,361,17,6,9,0,1,20,821,394,773,730,661,630,74.6
16,Bear Canyon,2,NEIGHBORHOODS,15,US,16,BlockApportionment:US.BlockGroups,2.191,2.576,1,2141,97,20,104,2,83,104,400,698,2215,83,17,81,2,67,86,325,572,41.2,288,6,4,2,0,78,22,235,5,4,2,0,61,18,325,307,211,203,563,2151,1853,91,16,102,2,6,82,2551,1980,2551,2465,1989,1956,48
17,Blenman-Elm,6,NEIGHBORHOODS,16,US,17,BlockApportionment:US.BlockGroups,2.191,2.576,1,2521,83,61,217,8,197,146,647,1072,2551,71,50,172,7,156,118,516,864,51.5,360,13,31,4,0,189,50,290,11,24,4,0,148,40,517,476,377,349,459,2586,2161,69,31,214,8,8,96,3233,2261,3125,3007,2666,2592,58.3
18,Broadmoor-Broadway,6,NEIGHBORHOODS,17,US,18,BlockApportionment:US.BlockGroups,2.191,2.576,1,685,18,21,26,0,93,32,324,388,691,16,18,21,0,74,27,266,319,62,199,1,11,2,0,93,19,164,1,9,2,0,74,16,266,250,203,194,139,551,487,17,10,24,0,0,13,875,527,847,820,707,691,67.2
19,Broadway/Northeast,2,NEIGHBORHOODS,18,US,19,BlockApportionment:US.BlockGroups,2.191,2.576,1,561,26,9,16,1,41,37,166,236,569,22,8,13,1,33,31,134,193,51.7,105,2,1,1,0,39,18,85,2,1,1,0,30,15,134,119,86,82,131,526,456,23,9,15,1,2,19,691,484,677,646,546,534,58.1
20,Campbell-Grant,3,NEIGHBORHOODS,19,US,20,BlockApportionment:US.BlockGroups,2.191,2.576,1,1077,35,22,39,1,69,49,294,411,1075,29,19,30,1,54,40,234,330,48.4,195,3,9,1,0,69,17,156,3,7,1,0,53,14,234,220,172,166,196,1000,882,32,13,39,1,1,32,1292,919,1248,1208,1053,1022,54.9
21,Campus Farm,3,NEIGHBORHOODS,20,US,21,BlockApportionment:US.BlockGroups,2.191,2.576,1,5079,389,171,289,19,1388,361,3086,4076,4889,325,144,218,15,1061,291,2403,3204,72.7,1459,44,57,8,1,1373,145,1150,36,47,7,1,1046,117,2404,2287,1655,1588,1238,4610,3620,345,115,282,18,15,216,7696,3739,6943,6652,5705,5514,77.1
22,Catalina Vista,6,NEIGHBORHOODS,21,US,22,BlockApportionment:US.BlockGroups,2.191,2.576,1,599,13,7,23,1,28,24,118,171,626,11,6,18,1,22,19,95,139,39.3,75,2,3,0,0,27,10,61,1,2,0,0,21,8,93,87,74,69,84,578,524,12,4,23,1,1,14,695,565,703,684,620,609,46.7
23,Catalina Vista/Blenman-Elm,6,NEIGHBORHOODS,22,US,23,BlockApportionment:US.BlockGroups,2.191,2.576,1,74,3,1,5,0,3,3,16,26,74,2,1,4,0,3,3,12,20,44.6,10,1,0,0,0,3,1,8,0,0,0,0,3,1,12,11,9,8,10,75,65,2,1,5,0,0,2,89,67,87,84,77,76,51.9
24,Houghton South,4,NEIGHBORHOODS,23,US,24,BlockApportionment:US.BlockGroups,2.191,2.576,1,3869,257,33,226,20,182,217,993,1615,2361,132,17,105,9,87,107,480,788,49.4,680,36,10,13,9,175,69,331,17,5,6,4,83,34,480,445,277,266,887,3811,3189,221,23,213,11,7,148,4804,2030,2818,2711,1931,1891,56.1
25,Colonia Del Valle,6,NEIGHBORHOODS,24,US,25,BlockApportionment:US.BlockGroups,2.191,2.576,1,1927,78,29,79,11,242,94,752,962,1799,64,25,58,9,179,71,566,732,58.7,430,7,11,2,4,242,56,326,5,9,2,3,179,42,566,524,389,367,433,1707,1497,71,18,77,7,0,37,2460,1472,2205,2134,1771,1730,64.5
26,Corbett,4,NEIGHBORHOODS,25,US,26,BlockApportionment:US.BlockGroups,2.191,2.576,1,4103,451,158,231,9,1233,379,3097,4017,4092,403,142,181,8,1018,325,2614,3402,77.2,1556,39,67,13,5,1231,186,1325,33,60,13,4,1016,163,2614,2451,1608,1538,1733,3467,2547,412,91,218,4,2,193,6564,2767,6169,5844,4436,4282,80.1
27,Cottonwood Manor,3,NEIGHBORHOODS,26,US,27,BlockApportionment:US.BlockGroups,2.191,2.576,1,238,3,6,5,2,42,13,117,134,252,3,5,4,2,35,12,100,114,63.1,63,0,3,1,1,42,7,54,0,3,1,1,35,6,100,93,65,62,61,193,176,3,2,4,1,0,6,309,198,313,301,251,245,68.7
28,Desert Palms Park,2,NEIGHBORHOODS,27,US,28,BlockApportionment:US.BlockGroups,2.191,2.576,1,305,6,2,9,1,17,11,55,82,281,5,1,6,1,12,8,39,59,37.3,36,0,0,0,0,17,2,26,0,0,0,0,12,1,39,38,27,26,56,297,270,6,2,9,1,0,10,351,255,314,306,258,252,44.6
29,Dietz,4,NEIGHBORHOODS,28,US,29,BlockApportionment:US.BlockGroups,2.191,2.576,1,5568,658,133,290,39,771,428,2357,3639,5495,559,111,223,34,605,348,1875,2937,65.1,1318,52,38,14,10,752,173,1057,41,30,12,8,586,141,1875,1733,1182,1127,1770,5531,4250,607,96,276,29,19,255,7887,4438,7375,7027,5605,5447,70.6
30,Dodge Flower,3,NEIGHBORHOODS,29,US,30,BlockApportionment:US.BlockGroups,2.191,2.576,1,1787,365,99,184,45,385,231,1028,1785,1772,311,83,140,37,301,189,821,1446,76.1,476,22,31,5,0,380,115,385,18,25,4,0,297,93,822,728,548,498,712,2068,1311,343,68,179,45,4,116,3096,1387,2833,2644,2121,2025,80.4
31,Doolen-Fruitvale,3,NEIGHBORHOODS,0,US,31,BlockApportionment:US.BlockGroups,2.191,2.576,1,1171,128,56,39,0,336,130,740,987,1247,119,54,34,0,299,114,657,882,75.4,297,19,22,2,0,332,67,263,17,20,2,0,295,59,656,598,420,379,448,1121,874,109,34,37,0,4,63,1860,984,1867,1753,1418,1345,79.1
32,Drexel Park,5,NEIGHBORHOODS,1,US,32,BlockApportionment:US.BlockGroups,2.191,2.576,1,1142,56,89,7,1,1023,110,2214,2310,1085,53,87,7,1,899,103,1999,2093,80.7,1024,18,50,4,1,1023,94,943,16,47,4,1,899,88,1998,1911,1231,1174,810,215,118,38,39,3,0,0,16,2428,141,2235,2132,1424,1358,81.3
33,Duffy,6,NEIGHBORHOODS,2,US,33,BlockApportionment:US.BlockGroups,2.191,2.576,1,884,81,13,46,1,94,88,318,505,859,70,11,34,1,73,70,249,402,61.1,182,1,0,3,0,94,37,143,1,0,3,0,72,30,249,219,173,162,198,889,702,80,12,43,1,0,50,1207,717,1118,1048,921,879,66.8
34,Dunbar Spring,1,NEIGHBORHOODS,3,US,34,BlockApportionment:US.BlockGroups,2.191,2.576,1,683,70,62,80,1,151,50,343,566,731,64,56,66,1,131,44,299,497,72.5,153,3,18,1,1,142,25,135,3,16,1,1,121,22,299,277,228,213,125,754,530,67,44,79,0,9,25,1097,596,1093,1049,968,935,77.1
35,Eastside,2,NEIGHBORHOODS,4,US,35,BlockApportionment:US.BlockGroups,2.191,2.576,1,3325,143,31,307,1,174,129,840,1379,3516,128,27,250,1,141,110,703,1157,48.6,594,3,21,6,0,173,43,500,3,18,5,0,140,37,703,666,460,444,974,3270,2731,140,10,301,1,1,86,4110,3016,4173,4063,3199,3154,55.4
36,El Gheko,2,NEIGHBORHOODS,5,US,36,BlockApportionment:US.BlockGroups,2.191,2.576,1,1490,69,24,33,3,109,75,428,587,1539,60,21,26,3,88,63,351,487,49.7,274,9,6,1,0,104,33,226,8,6,1,0,83,27,351,324,231,222,308,1376,1217,60,18,32,3,4,43,1803,1313,1800,1737,1492,1465,56.3
37,El Conquistador,6,NEIGHBORHOODS,6,US,37,BlockApportionment:US.BlockGroups,2.191,2.576,1,139,2,3,8,0,12,6,42,58,150,2,3,6,0,10,6,37,50,51.8,27,0,1,0,0,12,2,23,0,1,0,0,10,2,36,35,27,26,30,128,112,1,2,7,0,0,5,170,127,177,171,147,144,57.9
38,El Cortez,3,NEIGHBORHOODS,7,US,38,BlockApportionment:US.BlockGroups,2.191,2.576,1,220,61,17,29,0,112,23,246,354,248,63,18,27,0,105,23,236,345,85.8,112,5,9,1,0,112,7,109,5,9,1,0,105,7,236,229,155,151,114,218,109,56,9,29,0,0,16,462,139,484,461,370,359,87.5
39,El Montevideo,6,NEIGHBORHOODS,8,US,39,BlockApportionment:US.BlockGroups,2.191,2.576,1,303,9,1,9,0,6,9,64,87,298,8,1,7,0,4,8,50,68,37.7,53,2,0,0,0,6,3,41,2,0,0,0,4,3,50,47,42,40,37,273,251,7,1,9,0,0,6,337,257,326,318,288,282,43.9
40,El Presidio,1,NEIGHBORHOODS,9,US,40,BlockApportionment:US.BlockGroups,2.191,2.576,1,403,29,39,24,1,168,27,445,526,402,27,36,20,1,144,24,388,462,80.2,238,8,14,1,0,168,17,209,7,12,1,0,144,15,388,373,287,278,121,246,165,22,25,22,1,0,10,691,192,654,630,533,517,81.2
41,El Rio Acres,1,NEIGHBORHOODS,10,US,41,BlockApportionment:US.BlockGroups,2.191,2.576,1,762,164,310,19,0,639,91,1383,1794,791,164,303,17,0,599,88,1316,1723,89.2,570,17,95,1,0,634,66,552,16,89,1,0,593,64,1315,1252,872,841,656,603,192,147,215,18,0,5,26,1985,239,1962,1874,1306,1261,89.7
42,Elvira,1,NEIGHBORHOODS,11,US,42,BlockApportionment:US.BlockGroups,2.191,2.576,1,1837,39,115,12,6,1151,124,2964,3080,1847,40,117,12,6,1087,123,2849,2972,74,1633,12,59,5,4,1141,110,1587,12,58,5,4,1074,109,2849,2740,1907,1846,1009,320,204,27,56,7,2,10,14,3284,260,3232,3109,2223,2155,74.1
43,Enchanted Hills,1,NEIGHBORHOODS,12,US,43,BlockApportionment:US.BlockGroups,2.191,2.576,1,742,66,113,11,0,537,79,1200,1352,762,66,112,10,0,495,76,1123,1278,84.1,547,12,44,4,0,531,62,519,11,42,4,0,487,60,1123,1064,714,683,500,348,195,54,68,7,0,6,16,1548,242,1521,1445,1020,979,84.5
44,Flowing Wells,1,NEIGHBORHOODS,13,US,44,BlockApportionment:US.BlockGroups,2.191,2.576,1,6523,199,184,209,10,1803,310,4852,5454,6567,179,166,170,10,1496,269,4112,4638,72.3,2740,38,85,4,1,1796,188,2349,32,74,4,1,1489,162,4111,3949,2680,2588,2154,4386,3783,161,99,205,9,7,122,9238,4218,8857,8588,6702,6538,74.9
45,Glenn Heights,2,NEIGHBORHOODS,14,US,45,BlockApportionment:US.BlockGroups,2.191,2.576,1,536,9,4,20,0,17,14,85,126,529,8,3,15,0,13,11,66,98,33.3,61,0,2,0,0,16,6,48,0,1,0,0,12,5,66,61,53,49,59,515,474,9,2,20,0,2,8,600,481,579,568,520,514,39.5
46,Country Glenn,3,NEIGHBORHOODS,15,US,46,BlockApportionment:US.BlockGroups,2.191,2.576,1,1042,113,36,39,5,142,70,420,629,1075,102,33,32,5,117,57,351,533,63.6,224,13,15,4,0,138,26,188,11,14,4,0,113,21,351,330,233,221,282,1027,818,100,21,35,5,4,44,1447,887,1421,1364,1138,1106,69.1
47,Groves Lincoln Park,4,NEIGHBORHOODS,16,US,47,BlockApportionment:US.BlockGroups,2.191,2.576,1,3680,390,60,242,9,611,302,1770,2566,3909,357,53,203,9,513,264,1517,2223,67.5,952,39,38,22,1,605,113,824,33,33,20,1,507,99,1517,1418,981,931,1407,3524,2728,351,22,220,8,6,189,5294,3085,5308,5044,3901,3761,72.8
48,Harlan Heights,6,NEIGHBORHOODS,17,US,48,BlockApportionment:US.BlockGroups,2.191,2.576,1,1209,74,22,38,4,117,40,401,556,1267,68,20,30,4,96,34,338,472,54.3,259,4,7,0,0,114,16,220,4,7,0,0,94,14,339,324,235,229,238,1104,950,70,15,38,4,3,24,1504,1047,1519,1485,1281,1266,60.5
49,Old Spanish Trail,4,NEIGHBORHOODS,18,US,49,BlockApportionment:US.BlockGroups,2.191,2.576,1,2773,158,40,240,1,182,134,777,1277,2900,140,36,194,1,150,114,651,1074,52.6,522,17,9,4,0,175,50,439,14,8,4,0,143,43,651,608,395,376,859,2751,2251,141,31,236,1,7,84,3528,2461,3535,3421,2676,2624,59
50,Hedrick Acres,3,NEIGHBORHOODS,19,US,50,BlockApportionment:US.BlockGroups,2.191,2.576,1,2714,218,144,183,18,387,211,1140,1761,2563,187,124,151,16,310,177,924,1453,67.3,600,32,35,1,0,378,94,489,26,28,1,0,301,79,924,845,648,601,569,2734,2114,186,108,182,18,9,117,3875,2074,3528,3351,2958,2847,70.9
51,Highland Vista Cinco Via,6,NEIGHBORHOODS,20,US,51,BlockApportionment:US.BlockGroups,2.191,2.576,1,700,24,9,38,0,45,27,179,270,716,21,8,30,0,36,23,145,221,47.2,127,1,0,0,0,42,9,103,1,0,0,0,33,7,144,138,103,97,174,664,573,22,9,38,0,2,19,843,612,834,811,659,646,53.9
52,Houghton East,2,NEIGHBORHOODS,21,US,52,BlockApportionment:US.BlockGroups,2.191,2.576,1,3792,88,21,152,8,146,140,621,990,3810,74,18,115,6,114,113,486,782,35.8,434,2,9,6,0,137,32,342,1,7,5,0,105,26,486,461,330,320,805,3727,3358,86,12,146,8,9,108,4347,3468,4250,4137,3445,3403,42.4
53,Iron Horse,6,NEIGHBORHOODS,22,US,53,BlockApportionment:US.BlockGroups,2.191,2.576,1,446,16,18,35,0,50,28,130,213,466,14,15,28,0,40,24,107,176,55.6,65,1,5,0,0,47,12,54,1,4,0,0,38,10,107,97,94,87,36,463,381,16,12,35,0,3,16,593,412,587,563,552,533,62.6
54,Ironwood Ridge,1,NEIGHBORHOODS,23,US,54,BlockApportionment:US.BlockGroups,2.191,2.576,1,95,7,8,9,0,34,8,97,119,96,6,7,8,0,29,8,84,105,79.8,53,1,3,0,0,33,5,47,1,3,0,0,29,5,85,80,58,55,36,64,42,6,5,9,0,0,3,161,48,154,146,117,113,81.5
55,Jefferson Park,3,NEIGHBORHOODS,24,US,55,BlockApportionment:US.BlockGroups,2.191,2.576,1,1681,65,42,217,2,169,87,499,871,1785,58,38,176,2,140,74,419,732,56.4,289,5,12,3,0,163,29,244,4,10,3,0,133,25,419,394,343,320,189,1763,1392,61,30,215,2,7,58,2263,1541,2273,2199,2084,2017,63.1
56,Julia Keen,5,NEIGHBORHOODS,25,US,56,BlockApportionment:US.BlockGroups,2.191,2.576,1,3447,204,161,92,2,1319,206,3763,4141,3495,196,151,80,2,1169,188,3404,3758,76.2,2158,43,98,11,1,1317,135,1971,40,90,10,1,1168,124,3404,3280,2372,2299,1313,1666,1289,161,62,81,1,2,71,5431,1524,5281,5093,3969,3863,76.7
57,Keeling,3,NEIGHBORHOODS,26,US,57,BlockApportionment:US.BlockGroups,2.191,2.576,1,2646,320,245,185,6,1133,228,2780,3497,2777,312,234,163,6,1005,212,2515,3195,82.1,1380,37,108,6,0,1127,122,1264,34,100,6,0,999,113,2516,2402,1629,1563,1223,1983,1266,283,137,179,6,6,106,4763,1513,4709,4497,3485,3356,83.7
58,La Madera,3,NEIGHBORHOODS,27,US,58,BlockApportionment:US.BlockGroups,2.191,2.576,1,847,37,17,30,2,76,54,225,341,878,32,14,24,2,62,45,182,280,50.6,124,2,7,0,0,69,23,101,1,5,0,0,55,19,181,163,127,118,163,840,723,35,11,30,2,7,31,1063,777,1057,1012,894,866,57.7
59,Lakeside Park,4,NEIGHBORHOODS,28,US,59,BlockApportionment:US.BlockGroups,2.191,2.576,1,3969,408,103,207,4,625,331,1976,2762,3979,360,88,164,4,502,275,1619,2292,67.9,1084,56,61,6,0,617,152,899,44,51,5,0,494,126,1619,1493,986,945,1414,3671,2885,352,42,201,4,8,179,5647,3080,5372,5097,3958,3835,72.7
60,Las Vistas,5,NEIGHBORHOODS,29,US,60,BlockApportionment:US.BlockGroups,2.191,2.576,1,1600,250,131,43,1,1040,190,2647,3020,1626,258,130,39,1,973,186,2538,2915,82.3,1364,14,70,2,0,1036,160,1328,14,67,2,0,969,158,2538,2380,1593,1504,1134,609,236,236,61,41,1,4,29,3255,298,3213,3027,2079,1980,82.6
61,Limberlost,3,NEIGHBORHOODS,0,US,61,BlockApportionment:US.BlockGroups,2.191,2.576,1,2422,187,150,208,12,621,199,1659,2190,2399,162,129,165,10,494,164,1344,1789,75.2,813,33,51,11,4,621,126,665,27,42,9,3,494,104,1344,1240,881,828,767,2140,1609,154,99,197,8,0,73,3799,1734,3523,3359,2756,2672,79
62,Garden District,6,NEIGHBORHOODS,1,US,62,BlockApportionment:US.BlockGroups,2.191,2.576,1,4551,444,192,267,12,819,356,2247,3213,4775,395,167,217,12,681,307,1905,2743,68.5,1122,37,91,13,0,812,171,964,30,77,12,0,674,148,1905,1757,1242,1158,1466,4394,3428,407,101,254,12,8,185,6641,3812,6554,6247,5089,4915,73.7
63,Midvale Park,1,NEIGHBORHOODS,2,US,63,BlockApportionment:US.BlockGroups,2.191,2.576,1,7464,546,702,178,26,5036,614,11553,12774,7268,518,663,155,25,4443,563,10369,11523,81.7,5674,123,246,24,8,5027,452,5156,110,224,22,7,4433,416,10368,9953,6493,6271,4565,3012,1791,423,456,154,18,9,161,14566,2112,13635,13072,9070,8766,82.1
64,Miracle Manor,3,NEIGHBORHOODS,3,US,64,BlockApportionment:US.BlockGroups,2.191,2.576,1,2279,129,180,110,24,649,167,2293,2678,2106,111,162,88,19,532,139,1901,2229,76.6,1419,27,70,7,5,647,118,1178,22,61,6,5,530,99,1901,1802,1260,1198,820,1245,860,102,110,103,19,2,49,3538,928,3157,3018,2337,2249,77.2
65,Miramonte,6,NEIGHBORHOODS,4,US,65,BlockApportionment:US.BlockGroups,2.191,2.576,1,2454,239,115,179,10,341,230,971,1594,2565,212,102,143,9,279,195,807,1344,65,480,20,28,9,1,332,100,403,16,24,8,1,269,86,807,721,578,534,536,2597,1973,218,87,170,9,10,130,3568,2162,3505,3310,2970,2844,70.9
66,Mitman,6,NEIGHBORHOODS,5,US,66,BlockApportionment:US.BlockGroups,2.191,2.576,1,975,65,23,45,2,110,55,346,496,961,56,20,33,1,86,44,275,397,58.4,196,7,11,1,0,109,23,157,6,9,0,0,84,18,274,256,196,185,204,928,778,58,12,44,2,1,33,1275,804,1201,1157,997,973,64.4
67,Mortimore,5,NEIGHBORHOODS,6,US,67,BlockApportionment:US.BlockGroups,2.191,2.576,1,703,117,41,39,2,302,68,879,1057,705,114,39,35,2,269,63,799,970,81.5,488,11,28,0,0,300,51,447,10,27,0,0,267,48,799,751,486,465,418,393,215,106,13,39,2,2,17,1272,258,1227,1164,810,782,81.9
68,Mountain First Avenue,3,NEIGHBORHOODS,7,US,68,BlockApportionment:US.BlockGroups,2.191,2.576,1,1028,46,45,87,2,111,53,380,570,1077,42,40,70,2,91,45,318,481,59.8,227,4,18,2,0,109,20,191,3,16,2,0,89,17,318,301,257,245,143,992,802,43,26,85,2,2,33,1372,885,1367,1322,1223,1190,66
69,Mountain View,3,NEIGHBORHOODS,8,US,69,BlockApportionment:US.BlockGroups,2.191,2.576,1,965,84,51,51,3,236,82,632,815,938,71,42,39,3,183,67,501,653,73.8,308,15,28,1,1,235,44,247,12,22,1,1,182,36,501,465,324,307,316,841,657,69,24,50,2,1,38,1472,691,1343,1276,1028,990,77.8
70,Myers,5,NEIGHBORHOODS,9,US,70,BlockApportionment:US.BlockGroups,2.191,2.576,1,2631,551,140,174,18,1384,349,2852,3774,2799,544,134,149,18,1239,321,2586,3469,84.9,1157,47,45,6,3,1379,213,1065,44,40,5,3,1234,194,2585,2392,1626,1530,1561,2396,1474,504,95,167,15,5,135,5247,1734,5204,4883,3642,3491,86.7
71,Naylor,5,NEIGHBORHOODS,10,US,71,BlockApportionment:US.BlockGroups,2.191,2.576,1,581,85,47,46,0,273,82,636,811,604,81,44,39,0,237,74,563,724,83.9,278,2,20,0,0,273,63,249,2,18,0,0,237,57,563,506,364,335,306,478,303,83,27,46,0,0,19,1114,355,1079,1005,773,736,85.7
72,North Dodge,3,NEIGHBORHOODS,11,US,72,BlockApportionment:US.BlockGroups,2.191,2.576,1,1358,213,110,26,13,343,172,828,1234,1384,188,97,21,12,280,146,684,1039,75.6,357,13,25,1,9,341,83,296,11,21,1,8,277,71,685,613,460,423,444,1407,1001,200,85,25,4,3,89,2235,1087,2128,1982,1682,1594,79.7
73,North University,6,NEIGHBORHOODS,12,US,73,BlockApportionment:US.BlockGroups,2.191,2.576,1,1443,32,27,347,0,112,71,322,776,1573,29,25,286,0,94,62,273,657,53.9,188,2,7,2,0,105,18,161,2,6,2,0,87,15,273,258,245,233,95,1710,1255,30,20,345,0,6,53,2032,1411,2069,2007,1973,1918,60.9
74,Oak Flower,3,NEIGHBORHOODS,13,US,74,BlockApportionment:US.BlockGroups,2.191,2.576,1,1677,206,94,98,13,249,141,761,1234,1654,175,81,76,11,194,115,604,998,67.9,433,16,20,0,0,242,50,347,13,16,0,0,187,41,604,563,424,407,419,1717,1244,190,74,98,13,7,91,2478,1307,2306,2191,1886,1820,73.1
75,Old Fort Lowell,2,NEIGHBORHOODS,14,US,75,BlockApportionment:US.BlockGroups,2.191,2.576,1,1806,74,22,123,1,137,77,452,732,1876,64,21,99,1,113,64,372,607,49,297,6,3,1,0,124,21,246,5,3,1,0,100,18,373,354,276,264,323,1788,1508,69,20,122,1,13,56,2240,1630,2238,2174,1914,1876,55.7
76,Palo Verde,6,NEIGHBORHOODS,15,US,76,BlockApportionment:US.BlockGroups,2.191,2.576,1,3965,335,192,252,45,542,271,1490,2384,4129,299,168,201,39,442,230,1239,2008,63.1,748,33,65,3,4,535,102,629,28,55,3,3,434,88,1240,1152,852,807,1044,4112,3217,302,127,249,41,7,169,5602,3500,5508,5278,4464,4331,69
77,Panorama Estates,1,NEIGHBORHOODS,16,US,77,BlockApportionment:US.BlockGroups,2.191,2.576,1,67,1,3,2,0,21,4,63,70,69,1,3,1,0,19,4,57,64,74.5,38,0,1,0,0,21,3,35,0,1,0,0,18,2,56,55,44,42,17,35,28,1,2,2,0,0,2,98,34,97,93,81,77,74.6
78,Westside Development,1,NEIGHBORHOODS,17,US,78,BlockApportionment:US.BlockGroups,2.191,2.576,1,2842,184,197,61,11,1283,220,3231,3620,2871,177,189,54,11,1133,202,2895,3269,79.5,1664,25,75,18,1,1275,173,1503,22,69,17,1,1124,159,2895,2736,1978,1887,1170,1568,1178,160,122,43,10,8,47,4798,1368,4637,4435,3467,3349,80.2
79,Parkway Terrace,5,NEIGHBORHOODS,18,US,79,BlockApportionment:US.BlockGroups,2.191,2.576,1,119,13,8,3,3,57,15,152,181,121,13,8,3,3,52,14,140,167,82,81,1,3,1,0,57,10,75,1,3,1,0,51,9,140,131,102,96,50,66,38,12,6,2,3,1,5,218,46,214,200,163,154,82.5
80,Peter Howell,6,NEIGHBORHOODS,19,US,80,BlockApportionment:US.BlockGroups,2.191,2.576,1,1527,61,29,54,1,107,81,440,619,1528,53,23,41,1,84,66,351,497,50.3,285,6,16,1,0,107,27,228,5,12,1,0,84,22,352,329,225,215,327,1421,1242,55,13,53,1,1,55,1860,1300,1796,1730,1470,1430,56.8
81,Pie Allen,6,NEIGHBORHOODS,20,US,81,BlockApportionment:US.BlockGroups,2.191,2.576,1,550,19,8,66,0,37,38,140,255,555,16,7,50,0,29,30,112,204,52.4,87,2,2,1,0,36,12,70,1,1,1,0,28,10,111,102,104,96,26,578,463,17,6,64,0,1,26,718,485,687,657,663,636,59.1
82,Poets Square,6,NEIGHBORHOODS,21,US,82,BlockApportionment:US.BlockGroups,2.191,2.576,1,902,28,18,28,2,68,68,346,439,938,25,16,23,2,56,59,292,373,56.7,226,2,12,2,1,66,38,192,2,10,2,1,54,32,293,260,195,182,222,768,675,25,6,27,1,2,31,1114,745,1119,1060,896,872,62.4
83,RillitoBend,3,NEIGHBORHOODS,22,US,83,BlockApportionment:US.BlockGroups,2.191,2.576,1,1351,41,21,87,0,130,93,337,535,1387,35,19,67,0,102,76,270,430,50.4,162,1,2,1,0,129,41,131,1,2,1,0,101,34,270,236,204,187,199,1386,1188,40,20,86,0,1,52,1723,1256,1686,1610,1487,1444,57.6
84,Pueblo Gardens,5,NEIGHBORHOODS,23,US,84,BlockApportionment:US.BlockGroups,2.191,2.576,1,1233,166,92,73,1,846,161,1984,2285,1229,163,89,65,1,762,151,1822,2112,84.2,947,20,40,2,0,842,134,882,19,38,2,0,757,125,1823,1697,1181,1115,788,587,286,146,51,72,1,4,27,2572,347,2460,2309,1671,1591,84.7
85,Richland Heights East,3,NEIGHBORHOODS,24,US,85,BlockApportionment:US.BlockGroups,2.191,2.576,1,400,43,17,34,0,51,34,155,260,414,37,14,26,0,40,29,127,216,64.2,83,4,6,0,0,51,12,69,3,5,0,0,40,10,127,117,90,84,101,422,317,39,11,33,0,0,22,579,345,560,531,460,442,70.3
86,Richland Heights West,3,NEIGHBORHOODS,25,US,86,BlockApportionment:US.BlockGroups,2.191,2.576,1,426,14,14,16,2,38,18,110,162,455,13,12,13,2,31,15,92,137,49.1,60,0,7,0,1,36,6,51,0,6,0,1,29,5,92,87,72,68,81,418,366,14,7,16,1,2,12,528,404,541,526,460,448,56.2
87,Rillito,2,NEIGHBORHOODS,26,US,87,BlockApportionment:US.BlockGroups,2.191,2.576,1,1048,71,28,157,3,139,99,413,721,1059,61,24,122,3,111,81,333,584,65.4,224,10,13,1,1,132,32,182,8,11,1,1,104,26,333,307,230,215,299,1132,824,61,15,156,2,7,67,1545,877,1461,1380,1162,1115,71.2
88,Rincon Heights,6,NEIGHBORHOODS,27,US,88,BlockApportionment:US.BlockGroups,2.191,2.576,1,1637,70,53,176,6,218,111,605,958,1654,61,46,136,5,174,92,487,776,61.7,324,11,13,3,4,208,42,264,9,11,2,3,164,34,487,453,417,390,141,1666,1313,60,39,173,2,9,69,2271,1391,2168,2076,2026,1947,67.9
89,Rita Ranch,4,NEIGHBORHOODS,28,US,89,BlockApportionment:US.BlockGroups,2.191,2.576,1,13274,987,129,707,76,1172,975,4653,6955,12894,822,106,525,62,891,775,3589,5435,57.7,2910,76,60,49,12,1139,407,2254,59,48,38,9,859,323,3590,3266,2018,1908,5271,12665,10363,910,69,658,64,32,568,17320,10640,16075,15300,10804,10498,64
90,Roberts,5,NEIGHBORHOODS,29,US,90,BlockApportionment:US.BlockGroups,2.191,2.576,1,1231,235,72,197,6,505,96,1366,1872,1368,246,76,193,6,490,95,1343,1862,83.7,760,25,21,8,0,504,47,757,24,20,7,0,489,46,1343,1297,839,814,796,977,470,210,51,189,6,1,49,2342,611,2474,2379,1677,1626,84.9
91,Rose,1,NEIGHBORHOODS,0,US,91,BlockApportionment:US.BlockGroups,2.191,2.576,1,1359,26,108,6,0,645,52,2056,2118,1358,25,108,6,0,611,51,1996,2061,65.7,1283,19,63,1,0,644,47,1260,18,61,1,0,610,46,1996,1950,1475,1441,545,138,76,7,45,5,0,1,5,2196,98,2159,2108,1614,1574,66
92,Rosemont West,6,NEIGHBORHOODS,1,US,92,BlockApportionment:US.BlockGroups,2.191,2.576,1,1211,47,18,56,3,165,94,529,686,1289,44,15,47,2,141,82,455,594,62.2,304,2,7,5,0,160,52,263,2,6,4,0,134,46,455,409,289,268,378,1064,907,46,10,51,3,5,42,1594,1027,1620,1538,1243,1202,67.7
93,Saguaro Miraflores,1,NEIGHBORHOODS,2,US,93,BlockApportionment:US.BlockGroups,2.191,2.576,1,492,33,12,31,0,84,38,310,391,516,30,11,26,0,72,34,272,344,70.5,193,6,4,0,0,83,24,170,5,4,0,0,71,21,271,251,195,184,140,379,299,27,7,31,0,1,14,690,345,689,655,549,532,74.1
94,Sam Hughes,6,NEIGHBORHOODS,3,US,94,BlockApportionment:US.BlockGroups,2.191,2.576,1,4141,120,61,178,6,194,161,917,1367,4184,100,51,138,5,151,131,725,1089,42.6,647,11,15,6,4,186,49,514,9,12,5,3,143,39,725,686,569,543,592,3944,3494,109,46,172,2,8,112,4861,3671,4760,4629,4168,4077,49.5
95,Samos,3,NEIGHBORHOODS,4,US,95,BlockApportionment:US.BlockGroups,2.191,2.576,1,841,24,35,24,1,64,40,269,353,880,21,31,20,1,53,34,225,298,52.4,167,5,15,2,0,62,19,140,4,12,2,0,51,16,225,209,181,172,115,759,674,19,20,22,1,2,21,1029,740,1040,1006,923,901,58.7
96,San Carlos,2,NEIGHBORHOODS,5,US,96,BlockApportionment:US.BlockGroups,2.191,2.576,1,133,13,4,4,1,21,9,55,80,146,12,4,3,1,18,8,47,71,63.3,28,1,1,0,0,21,4,25,1,1,0,0,18,3,48,44,29,27,44,131,105,12,3,4,1,0,5,185,121,192,184,148,144,69.8
97,San Clemente,6,NEIGHBORHOODS,6,US,97,BlockApportionment:US.BlockGroups,2.191,2.576,1,546,21,8,23,0,73,37,220,289,558,18,7,19,0,59,31,182,240,60.2,127,2,1,1,0,72,17,106,2,1,1,0,58,15,183,167,125,117,121,488,419,19,6,22,0,1,20,708,453,692,661,572,551,65.9
98,San Gabriel,6,NEIGHBORHOODS,7,US,98,BlockApportionment:US.BlockGroups,2.191,2.576,1,659,33,13,24,0,104,52,325,409,708,30,12,20,0,89,46,284,360,65.1,183,7,5,1,0,102,28,161,6,4,1,0,87,25,284,260,194,180,184,560,476,26,8,24,0,2,24,885,546,905,859,722,695,70.1
99,San Ignacio Yaqui,3,NEIGHBORHOODS,8,US,99,BlockApportionment:US.BlockGroups,2.191,2.576,1,228,62,126,9,1,140,31,329,499,242,61,122,8,1,127,29,302,469,88.9,129,6,37,1,0,139,17,120,5,35,1,0,125,16,302,286,204,196,174,270,100,57,88,9,1,1,14,597,122,590,561,417,399,89.9
100,Santa Cruz Southwest,1,NEIGHBORHOODS,9,US,100,BlockApportionment:US.BlockGroups,2.191,2.576,1,1609,53,135,22,6,986,112,2326,2470,1628,55,132,20,5,908,107,2170,2314,79.2,1156,17,76,6,6,986,79,1087,18,72,5,5,908,74,2169,2096,1338,1299,926,597,452,36,59,16,0,0,33,2923,541,2855,2748,1929,1869,79.4
101,Santa Rita Park - West Ochoa,5,NEIGHBORHOODS,10,US,101,BlockApportionment:US.BlockGroups,2.191,2.576,1,1087,160,142,9,1,516,97,1378,1653,1091,154,135,8,1,448,88,1234,1498,82.1,728,16,61,3,1,512,56,663,14,56,3,1,445,52,1234,1182,873,845,481,634,359,144,81,6,1,3,40,2012,428,1925,1837,1445,1393,82.8
102,Sewell,6,NEIGHBORHOODS,11,US,102,BlockApportionment:US.BlockGroups,2.191,2.576,1,530,33,12,33,0,76,37,204,300,603,33,11,29,0,67,35,184,273,61.4,108,2,7,0,0,76,12,98,2,6,0,0,67,11,184,173,124,120,149,518,422,31,5,33,0,0,25,721,505,778,743,629,614,67.6
103,South Harrison,4,NEIGHBORHOODS,12,US,103,BlockApportionment:US.BlockGroups,2.191,2.576,1,5028,396,75,278,33,418,268,1659,2518,5199,351,64,221,28,337,224,1366,2097,56.1,1050,19,34,21,5,410,120,873,16,28,16,4,329,100,1366,1266,851,814,1466,4837,3978,378,41,257,28,8,147,6496,4327,6424,6200,4958,4860,62.5
104,South Park,5,NEIGHBORHOODS,13,US,104,BlockApportionment:US.BlockGroups,2.191,2.576,1,1740,412,131,58,6,1190,142,2762,3323,1741,410,132,53,6,1096,136,2583,3141,84.9,1384,38,53,4,3,1185,95,1307,35,51,4,3,1091,92,2583,2491,1712,1657,1076,917,355,374,78,55,3,5,47,3679,433,3574,3438,2498,2417,85.1
105,Cabrini,3,NEIGHBORHOODS,14,US,105,BlockApportionment:US.BlockGroups,2.191,2.576,1,1434,158,76,41,10,219,132,709,1042,1452,138,66,33,8,177,110,583,871,68.4,406,22,17,2,2,210,49,338,18,14,2,1,168,41,582,542,412,388,414,1361,1028,136,59,39,8,8,83,2070,1115,1984,1874,1572,1508,73.2
106,Starr Pass,1,NEIGHBORHOODS,15,US,106,BlockApportionment:US.BlockGroups,2.191,2.576,1,1362,68,44,52,8,213,66,741,907,1358,59,37,42,7,170,55,607,748,66.3,456,5,18,3,3,212,44,377,3,15,3,3,170,37,608,570,447,425,242,1072,906,64,25,49,5,1,22,1813,981,1728,1673,1487,1451,70.7
107,Stella Mann,4,NEIGHBORHOODS,16,US,107,BlockApportionment:US.BlockGroups,2.191,2.576,1,2752,439,78,182,19,692,341,1708,2525,2894,397,70,151,17,578,297,1450,2175,75.4,774,56,27,8,1,685,157,665,47,23,7,1,570,137,1450,1313,883,835,1188,2796,1978,383,52,174,18,7,184,4503,2229,4404,4107,3216,3087,79.6
108,Sunnyside,1,NEIGHBORHOODS,17,US,108,BlockApportionment:US.BlockGroups,2.191,2.576,1,8953,261,743,76,13,4943,460,13975,14723,9142,272,770,74,13,4752,459,13751,14539,71.8,8226,86,303,26,3,4922,409,8199,84,301,27,3,4728,409,13751,13342,9053,8785,5108,1475,727,175,440,50,10,21,51,15449,944,15482,15023,10375,10080,72
109,Sunset Villa,1,NEIGHBORHOODS,18,US,109,BlockApportionment:US.BlockGroups,2.191,2.576,1,733,40,74,16,2,388,40,1078,1169,728,39,73,14,2,357,38,1012,1103,76.3,609,6,35,6,2,388,32,580,6,33,6,2,356,31,1014,982,691,674,350,214,123,33,39,10,0,1,8,1293,148,1251,1213,901,880,76.4
110,Swan Way Park,6,NEIGHBORHOODS,19,US,110,BlockApportionment:US.BlockGroups,2.191,2.576,1,742,93,28,69,16,92,57,281,505,823,87,26,58,15,78,51,246,449,64.9,150,6,10,0,1,92,21,133,5,9,0,1,78,19,245,227,176,168,219,817,592,87,18,68,15,0,36,1097,690,1138,1087,920,894,70.9
111,Terra Del Sol,4,NEIGHBORHOODS,20,US,111,BlockApportionment:US.BlockGroups,2.191,2.576,1,3385,251,69,101,18,551,256,1498,1997,3486,218,60,82,17,444,214,1234,1664,64,753,37,21,1,1,545,140,629,30,17,1,1,438,118,1234,1117,818,764,953,3132,2632,213,47,100,17,6,116,4631,2857,4521,4307,3568,3461,69.7
112,Thunderbird Heights/Wilmot Desert Esta,6,NEIGHBORHOODS,21,US,112,BlockApportionment:US.BlockGroups,2.191,2.576,1,768,29,11,46,2,62,36,204,314,696,22,8,32,2,44,26,146,225,49.9,127,2,2,2,0,61,10,92,2,2,1,0,43,7,147,139,107,103,142,751,641,26,8,45,2,1,26,954,605,830,804,688,673,56.8
113,Tucson Park West #1,1,NEIGHBORHOODS,22,US,113,BlockApportionment:US.BlockGroups,2.191,2.576,1,846,71,38,51,5,148,39,538,702,821,62,33,40,4,118,33,439,577,71.2,350,6,8,5,3,148,19,288,5,6,4,2,118,16,439,423,371,357,90,659,496,65,30,46,3,0,20,1198,534,1111,1078,1021,992,74.5
114,Vista Del Monte,2,NEIGHBORHOODS,23,US,114,BlockApportionment:US.BlockGroups,2.191,2.576,1,1282,93,37,30,7,138,74,426,624,1355,85,33,25,7,116,64,361,538,56.9,245,7,8,1,1,137,25,209,6,7,1,1,115,22,361,339,236,224,328,1236,1037,85,28,29,6,1,48,1661,1146,1685,1621,1356,1322,62.9
115,Wakefield,5,NEIGHBORHOODS,24,US,115,BlockApportionment:US.BlockGroups,2.191,2.576,1,2526,61,282,17,7,1709,130,4320,4539,2541,61,289,18,7,1627,132,4194,4425,75.6,2332,25,136,12,7,1704,103,2291,23,135,13,7,1621,104,4194,4091,2833,2762,1439,412,194,36,145,5,0,5,27,4732,250,4675,4543,3236,3143,75.7
116,West University,6,NEIGHBORHOODS,25,US,116,BlockApportionment:US.BlockGroups,2.191,2.576,1,3479,153,89,360,7,232,228,853,1573,3644,134,79,283,7,188,191,703,1301,51.8,504,15,23,5,2,226,79,418,12,19,4,2,182,67,704,637,627,570,198,3696,2975,138,67,355,5,6,149,4548,3225,4526,4335,4328,4157,58.8
117,Western Hills II,5,NEIGHBORHOODS,26,US,117,BlockApportionment:US.BlockGroups,2.191,2.576,1,430,211,50,14,3,303,61,744,1000,416,206,47,12,3,270,57,676,925,88.1,358,11,33,0,1,301,40,330,10,31,0,1,267,38,677,638,441,421,311,329,72,201,17,14,2,3,21,1072,86,1011,954,700,664,88.4
118,Wilshire Heights,6,NEIGHBORHOODS,27,US,118,BlockApportionment:US.BlockGroups,2.191,2.576,1,276,7,2,10,0,29,12,98,120,262,6,1,7,0,22,10,75,91,54.2,59,1,1,0,0,29,8,45,0,0,0,0,22,6,73,68,51,48,55,239,217,7,1,9,0,0,4,336,217,308,298,253,248,60.5
119,Rancho Perdido Estates,2,NEIGHBORHOODS,28,US,119,BlockApportionment:US.BlockGroups,2.191,2.576,1,65,4,1,3,0,4,4,16,26,56,3,1,2,0,2,3,11,17,47.8,11,0,0,0,0,3,1,7,0,0,0,0,2,1,10,10,8,7,11,64,54,3,1,3,0,0,2,81,49,67,64,55,53,54.8
120,Mesquite Ranch,4,NEIGHBORHOODS,29,US,120,BlockApportionment:US.BlockGroups,2.191,2.576,1,1473,98,13,86,7,69,83,378,615,1552,87,11,69,6,57,71,315,518,49.4,259,14,4,5,3,67,26,218,11,3,4,2,54,23,315,293,182,175,583,1451,1214,84,9,81,4,3,56,1829,1335,1853,1782,1270,1244,56.1
121,Desert Aire/Loma Linda,6,NEIGHBORHOODS,0,US,121,BlockApportionment:US.BlockGroups,2.191,2.576,1,363,17,5,26,4,31,25,134,203,378,16,4,21,3,25,21,112,171,58.3,96,4,3,0,0,29,2,81,4,2,0,0,23,2,112,111,80,79,85,336,268,13,2,26,4,2,22,471,297,468,447,383,370,64.4
122,Millville,5,NEIGHBORHOODS,1,US,122,BlockApportionment:US.BlockGroups,2.191,2.576,1,162,21,17,3,0,40,12,146,182,168,20,16,3,0,37,11,135,171,77.7,89,2,8,0,0,40,6,83,2,8,0,0,36,6,135,129,101,98,46,109,73,19,8,3,0,1,5,255,84,255,244,209,204,78.8
123,Sombras Del Cerro,1,NEIGHBORHOODS,2,US,123,BlockApportionment:US.BlockGroups,2.191,2.576,0,0,0,0,0,0,0,0,0,0,0,0,0,0,0,0,0,0,0,0,0,0,0,0,0,0,0,0,0,0,0,0,0,0,0,0,0,0,0,0,0,0,0,0,0,0,0,0,0,0,0,0,0,0
124,Rancho Buena,5,NEIGHBORHOODS,3,US,124,BlockApportionment:US.BlockGroups,2.191,2.576,1,2210,162,149,42,4,1805,174,3679,4024,2068,148,136,36,4,1528,154,3161,3478,83,1689,32,61,3,1,1789,104,1473,27,54,3,1,1510,92,3160,3068,1877,1824,1501,866,521,130,88,39,3,16,69,4546,595,4074,3920,2572,2489,83.5
125,Rosemont East,6,NEIGHBORHOODS,4,US,125,BlockApportionment:US.BlockGroups,2.191,2.576,1,166,6,2,24,0,19,9,53,91,165,6,2,18,0,15,7,42,73,58.4,31,0,0,0,0,19,3,25,0,0,0,0,15,2,42,40,34,33,25,173,135,6,2,24,0,0,6,226,140,213,206,188,183,64.6
126,Udall Park,2,NEIGHBORHOODS,5,US,126,BlockApportionment:US.BlockGroups,2.191,2.576,1,275,7,2,14,0,16,18,68,101,267,6,2,10,0,12,14,53,78,47,45,0,2,0,0,16,6,35,0,1,0,0,12,5,53,48,37,35,49,263,230,7,0,14,0,0,12,332,233,311,297,262,256,53.4
127,Menlo Park,1,NEIGHBORHOODS,6,US,127,BlockApportionment:US.BlockGroups,2.191,2.576,1,2870,166,266,102,6,1304,153,3520,3953,2784,150,245,84,5,1123,136,3094,3483,78.3,1956,32,118,16,2,1298,99,1740,27,106,14,2,1116,89,3094,3005,2273,2208,953,1347,914,134,148,86,4,6,54,4867,1044,4527,4391,3574,3473,78.9
128,Silverbell Terrace,1,NEIGHBORHOODS,7,US,128,BlockApportionment:US.BlockGroups,2.191,2.576,1,95,7,3,11,0,40,7,97,120,89,6,3,9,0,32,6,79,98,80.7,51,1,1,0,0,40,4,42,0,1,0,0,32,4,79,75,51,49,38,66,44,6,2,11,0,0,3,163,47,145,139,107,103,82.1
129,Broadway Pantano East,2,NEIGHBORHOODS,8,US,129,BlockApportionment:US.BlockGroups,2.191,2.576,1,4107,486,64,139,24,533,346,1498,2337,4048,410,54,104,21,411,276,1169,1862,61.6,746,47,24,10,3,522,146,587,38,19,7,2,399,117,1169,1052,747,688,1240,4200,3361,439,40,128,21,11,200,5699,3461,5324,5048,4083,3931,67.7
130,Miles,5,NEIGHBORHOODS,9,US,130,BlockApportionment:US.BlockGroups,2.191,2.576,1,601,40,31,27,2,124,45,395,509,600,35,28,22,1,102,38,330,429,72.5,239,4,6,1,2,122,21,202,3,5,1,1,100,18,330,312,252,240,131,475,362,36,25,26,0,2,24,870,399,826,788,697,666,75.8
131,Sierra Estates,5,NEIGHBORHOODS,10,US,131,BlockApportionment:US.BlockGroups,2.191,2.576,1,44,8,2,7,1,14,5,30,48,48,7,2,6,1,12,5,26,44,79.4,12,0,1,0,0,14,3,11,0,1,0,0,12,2,26,24,19,18,14,50,31,7,2,7,0,0,3,81,37,81,76,67,64,83
132,Silvercroft,1,NEIGHBORHOODS,11,US,132,BlockApportionment:US.BlockGroups,2.191,2.576,1,147,18,15,2,0,132,14,271,300,156,19,16,2,0,128,14,267,297,85,118,3,7,0,0,132,11,118,3,7,0,0,127,12,267,255,179,173,103,58,29,15,8,2,0,1,2,328,38,335,321,232,225,85.5
133,Brichta,1,NEIGHBORHOODS,12,US,133,BlockApportionment:US.BlockGroups,2.191,2.576,1,291,20,23,28,0,102,26,295,363,292,19,22,23,0,88,23,258,319,79.9,163,3,10,1,0,102,17,144,3,8,1,0,87,15,258,243,178,169,109,196,128,17,14,27,0,1,9,490,148,467,444,358,345,81.4
134,Cherry Avenue,5,NEIGHBORHOODS,13,US,134,BlockApportionment:US.BlockGroups,2.191,2.576,1,5349,250,332,95,5,3687,374,8775,9273,5154,243,318,84,5,3300,348,7989,8469,77.9,4530,62,217,4,0,3680,282,4171,57,204,4,0,3291,262,7989,7727,5146,4978,3085,1317,819,188,115,91,5,7,92,10092,984,9452,9104,6368,6155,78.1
135,Fairgrounds,5,NEIGHBORHOODS,14,US,135,BlockApportionment:US.BlockGroups,2.191,2.576,1,1200,57,122,4,1,836,64,2069,2198,1176,56,123,4,1,775,62,1957,2089,76.6,1114,25,46,2,1,834,48,1068,24,44,2,1,772,46,1957,1910,1331,1302,668,215,86,32,77,2,0,2,16,2284,108,2197,2135,1529,1487,76.8
136,Bravo Park Lane,5,NEIGHBORHOODS,15,US,136,BlockApportionment:US.BlockGroups,2.191,2.576,1,1906,125,139,50,2,1214,175,3093,3300,1765,118,128,46,2,1054,157,2717,2912,78.8,1595,30,77,25,1,1213,151,1409,27,68,23,1,1053,136,2717,2581,1819,1744,972,519,311,95,62,25,1,1,24,3611,357,3270,3113,2297,2210,78.8
137,Feldman`s,3,NEIGHBORHOODS,16,US,137,BlockApportionment:US.BlockGroups,2.191,2.576,1,1642,114,51,415,1,181,119,538,1154,1694,99,45,310,1,147,98,443,927,63.7,272,9,19,1,0,181,55,227,8,16,1,0,146,46,444,398,348,314,191,1986,1370,105,32,414,1,1,63,2523,1467,2394,2296,2203,2124,69.9
138,Sugar Hill,3,NEIGHBORHOODS,17,US,138,BlockApportionment:US.BlockGroups,2.191,2.576,1,890,189,61,96,1,301,102,624,973,893,162,51,75,1,236,84,497,789,79.5,222,12,21,11,0,300,57,180,10,17,8,0,235,47,497,451,345,322,260,1018,668,177,40,86,1,1,45,1640,713,1502,1418,1242,1191,83.5
139,Toumey Park,6,NEIGHBORHOODS,18,US,139,BlockApportionment:US.BlockGroups,2.191,2.576,1,1440,138,81,25,1,553,137,1299,1544,1431,119,70,21,1,466,116,1088,1299,79.1,610,23,35,0,0,549,82,507,19,29,0,0,462,71,1088,1017,676,627,665,1075,830,115,45,25,1,4,55,2375,924,2224,2108,1558,1483,81.2
140,El Encanto Estates,6,NEIGHBORHOODS,19,US,140,BlockApportionment:US.BlockGroups,2.191,2.576,1,283,5,4,14,0,15,12,68,96,286,4,4,10,0,12,10,55,78,44.8,46,1,1,0,0,15,4,37,1,1,0,0,12,3,54,51,43,41,39,266,237,4,3,13,0,0,8,333,249,326,316,288,280,51.1
141,Colonia Solana,6,NEIGHBORHOODS,20,US,141,BlockApportionment:US.BlockGroups,2.191,2.576,1,255,8,0,8,0,5,8,54,73,250,6,0,6,0,4,6,42,58,37.9,44,2,0,0,0,5,3,35,1,0,0,0,4,2,42,40,36,34,31,230,210,6,0,8,0,0,5,284,215,272,266,242,237,44.1
142,Winterhaven,3,NEIGHBORHOODS,21,US,142,BlockApportionment:US.BlockGroups,2.191,2.576,1,472,23,7,16,4,49,26,145,206,465,19,6,12,3,37,21,113,162,53.4,82,1,2,0,0,48,11,64,1,2,0,0,37,9,113,104,77,73,101,450,390,22,5,15,4,0,14,597,400,563,542,461,449,60.2
143,Barrio Kroeger Lane,1,NEIGHBORHOODS,22,US,143,BlockApportionment:US.BlockGroups,2.191,2.576,1,141,22,18,3,0,72,11,157,195,146,21,17,3,0,62,10,138,175,83.5,68,1,7,1,0,72,8,61,1,6,1,0,62,7,138,131,123,117,18,111,72,21,11,2,0,0,3,267,84,259,249,241,232,85.2
144,Palo Verde Park,2,NEIGHBORHOODS,23,US,144,BlockApportionment:US.BlockGroups,2.191,2.576,1,3206,143,88,94,12,402,219,1278,1664,3333,126,76,76,11,327,186,1063,1393,59.7,706,11,53,3,1,401,103,591,9,45,3,1,326,88,1063,975,673,632,989,2886,2500,132,35,91,11,1,116,4164,2742,4135,3949,3146,3050,65.8
145,Aldea Linda,6,NEIGHBORHOODS,24,US,145,BlockApportionment:US.BlockGroups,2.191,2.576,1,171,8,2,12,2,14,12,63,95,178,7,2,10,1,12,10,53,81,58.6,45,2,1,0,0,14,1,38,2,1,0,0,11,1,53,52,38,37,40,158,126,6,1,12,2,1,10,221,140,220,210,181,175,64.5
146,St. Cyrils,6,NEIGHBORHOODS,25,US,146,BlockApportionment:US.BlockGroups,2.191,2.576,1,1774,144,41,65,6,162,153,620,917,1736,120,33,49,5,124,122,485,726,58.6,347,11,10,1,1,158,93,273,9,8,1,1,120,74,486,411,327,300,365,1725,1428,134,30,64,5,4,60,2345,1464,2189,2067,1825,1764,64.7
147,Arcadia Rose,6,NEIGHBORHOODS,26,US,147,BlockApportionment:US.BlockGroups,2.191,2.576,1,315,16,6,6,0,22,23,80,116,312,14,5,5,0,17,18,62,91,48.6,42,0,2,0,0,22,14,33,0,1,0,0,16,11,61,51,40,36,57,309,273,16,4,6,0,0,9,388,279,371,353,313,303,55.7
148,Saguaro Canyon,4,NEIGHBORHOODS,27,US,148,BlockApportionment:US.BlockGroups,2.191,2.576,1,539,23,5,20,1,29,28,133,199,560,20,4,16,1,23,24,109,165,46.1,94,2,1,0,0,28,8,78,1,1,0,0,22,7,109,102,63,61,176,511,445,21,4,19,1,1,20,645,483,648,624,472,461,52.8
149,Barrio Nopal,1,NEIGHBORHOODS,28,US,149,BlockApportionment:US.BlockGroups,2.191,2.576,1,3035,125,289,19,6,2322,222,5252,5611,2927,122,281,18,6,2082,208,4798,5152,79.7,2628,30,87,2,0,2318,188,2434,28,81,2,0,2076,176,4797,4622,3106,3010,1877,766,407,94,202,17,6,5,34,6018,492,5644,5436,3767,3652,80
150,Santiago Hills,1,NEIGHBORHOODS,29,US,150,BlockApportionment:US.BlockGroups,2.191,2.576,1,602,27,20,12,0,212,33,559,612,627,25,19,10,0,185,30,500,549,75.1,308,6,12,0,0,211,22,279,5,11,0,0,184,20,499,479,385,372,147,346,293,20,9,12,0,1,11,906,347,896,866,749,729,76.6
151,Coronado Heights,3,NEIGHBORHOODS,0,US,151,BlockApportionment:US.BlockGroups,2.191,2.576,1,866,110,87,28,4,424,92,926,1172,949,112,87,25,4,389,88,863,1108,83.1,426,7,30,0,1,423,39,403,7,28,0,1,388,37,864,826,547,526,462,686,440,103,58,28,4,1,52,1611,546,1654,1566,1192,1139,84.8
152,Harold Bell Wright Estates,2,NEIGHBORHOODS,1,US,152,BlockApportionment:US.BlockGroups,2.191,2.576,1,830,39,13,11,2,60,24,229,298,714,28,9,7,1,40,17,156,205,47.1,149,7,7,0,0,59,7,102,5,5,0,0,39,5,156,151,106,104,114,750,681,32,6,11,2,1,17,979,612,816,799,703,693,53.8
153,Carriage Park,2,NEIGHBORHOODS,2,US,153,BlockApportionment:US.BlockGroups,2.191,2.576,1,5512,530,81,208,25,572,334,1838,2812,5545,447,69,159,21,441,271,1452,2256,57.1,1062,43,21,9,0,563,140,848,34,17,8,0,432,113,1452,1339,1015,953,1255,5424,4450,487,60,199,25,9,194,7262,4697,6953,6682,5698,5540,63.8
154,Copper Vista,5,NEIGHBORHOODS,3,US,154,BlockApportionment:US.BlockGroups,2.191,2.576,1,1246,26,100,5,0,937,86,2170,2263,1244,27,99,5,0,874,84,2066,2160,77.2,1108,9,39,2,0,936,76,1071,8,38,2,0,873,74,2066,1991,1242,1194,888,231,138,18,61,3,0,1,10,2400,174,2333,2249,1446,1390,77.6
155,West Lamar City Acres,5,NEIGHBORHOODS,4,US,155,BlockApportionment:US.BlockGroups,2.191,2.576,1,259,3,19,0,0,81,16,340,358,272,3,20,0,0,80,17,345,364,61.8,239,2,6,0,0,81,13,244,2,6,0,0,80,13,345,332,258,249,93,39,21,2,13,0,0,0,4,378,28,392,375,299,286,61.7
156,Loma Verde,6,NEIGHBORHOODS,5,US,156,BlockApportionment:US.BlockGroups,2.191,2.576,1,371,19,6,20,0,49,23,139,194,398,18,6,17,0,41,21,119,168,59.5,77,1,3,0,0,49,9,66,1,3,0,0,41,8,119,111,80,77,94,349,294,18,3,20,0,0,14,488,332,501,480,406,397,65.6
157,Downtown,1,NEIGHBORHOODS,6,US,157,BlockApportionment:US.BlockGroups,2.191,2.576,1,110,7,3,6,0,15,10,47,67,94,5,2,4,0,10,7,32,45,63.4,25,1,1,0,0,15,5,17,1,1,0,0,10,3,32,28,29,27,5,104,85,6,2,6,0,0,5,151,77,122,115,117,112,69.8
158,Barrio Santa Cruz,1,NEIGHBORHOODS,7,US,158,BlockApportionment:US.BlockGroups,2.191,2.576,1,118,12,14,4,0,57,9,146,169,116,11,13,4,0,49,8,128,149,81.7,73,1,7,1,0,57,7,64,1,6,1,0,49,6,127,122,98,94,34,68,45,11,7,3,0,0,2,214,52,201,193,167,161,82.3
159,Bonanza,2,NEIGHBORHOODS,8,US,159,BlockApportionment:US.BlockGroups,2.191,2.576,1,4108,275,44,180,11,299,206,964,1577,4219,235,38,141,10,236,169,775,1285,48.1,562,18,11,7,0,293,73,456,14,9,6,0,230,60,775,715,538,513,984,4159,3546,257,33,173,11,6,133,5123,3763,5048,4879,4064,3978,55.1
